{
    "Boeing 737-800" : {
        "kg_per_sec" : 3.31912499984
    },
    "Airbus A320" : {
        "kg_per_sec" : 3.31912499984
    },
    "Airbus A321" : {
        "kg_per_sec" : 3.31912499984
    },
    "default" : {
        "kg_per_sec" : 3.31912499984
    }
}